                  epoch,         train/box_loss,         train/cls_loss,         train/dfl_loss,   metrics/precision(B),      metrics/recall(B),       metrics/mAP50(B),    metrics/mAP50-95(B),           val/box_loss,           val/cls_loss,           val/dfl_loss,                 lr/pg0,                 lr/pg1,                 lr/pg2
                      0,                 3.0459,                 17.329,                 2.1271,                      0,                      0,                      0,                      0,                  3.108,                 9.8038,                 2.4438,                 0.0982,                 0.0002,                 0.0002
                      1,                 3.0089,                 15.988,                 2.2154,                      0,                      0,                      0,                      0,                 3.0706,                  9.844,                 2.4218,               0.095495,             0.00049505,             0.00049505
                      2,                 3.4133,                 16.119,                 2.3003,                      0,                      0,                      0,                      0,                 3.0451,                 9.9552,                 2.4074,               0.092784,             0.00078416,             0.00078416
                      3,                 2.7471,                 10.321,                 2.0095,                0.03026,                0.04348,                0.00378,                0.00047,                 1.8225,                 5.9716,                 1.9252,               0.090067,              0.0010673,              0.0010673
